{
"type": "FeatureCollection",
"name": "Eco_Hubs",
"crs": { "type": "name", "properties": { "name": "urn:ogc:def:crs:OGC:1.3:CRS84" } },
"features": [
{ "type": "Feature", "properties": { "DEVELOPMEN": "ASTORIA", "TDS_NUM": "026", "BOROUGH": "QUEENS" }, "geometry": { "type": "Point", "coordinates": [ -73.934951347359927, 40.773601477352152 ] } },
{ "type": "Feature", "properties": { "DEVELOPMEN": "BAY VIEW", "TDS_NUM": "092", "BOROUGH": "BROOKLYN" }, "geometry": { "type": "Point", "coordinates": [ -73.885972369358981, 40.633335441949804 ] } },
{ "type": "Feature", "properties": { "DEVELOPMEN": "FOREST", "TDS_NUM": "059", "BOROUGH": "BRONX" }, "geometry": { "type": "Point", "coordinates": [ -73.903740142385828, 40.824732060361519 ] } },
{ "type": "Feature", "properties": { "DEVELOPMEN": "HOWARD", "TDS_NUM": "072", "BOROUGH": "BROOKLYN" }, "geometry": { "type": "Point", "coordinates": [ -73.909273156206638, 40.671669574499845 ] } },
{ "type": "Feature", "properties": { "DEVELOPMEN": "MARINER'S HARBOR", "TDS_NUM": "077", "BOROUGH": "STATEN ISLAND" }, "geometry": { "type": "Point", "coordinates": [ -74.163490929486827, 40.631847278778352 ] } },
{ "type": "Feature", "properties": { "DEVELOPMEN": "WAGNER", "TDS_NUM": "074", "BOROUGH": "MANHATTAN" }, "geometry": { "type": "Point", "coordinates": [ -73.932100911905721, 40.799683762838917 ] } }
]
}
